Employee_ID,Department_ID,Role,Experience_Level,Salary_Band,Performance_Rating
1,7,Engineer,Junior,High,5
2,1,Analyst,Mid,Medium,3
3,7,Engineer,Junior,Low,2
4,9,Executive,Junior,Low,2
5,7,Executive,Junior,Low,4
6,9,Analyst,Junior,Medium,1
7,15,Manager,Mid,Low,1
8,13,Engineer,Mid,Low,5
9,10,Manager,Mid,Medium,3
10,2,Engineer,Junior,Low,3
11,6,Analyst,Junior,High,3
12,15,Analyst,Senior,Medium,4
13,1,Manager,Mid,Medium,2
14,10,Analyst,Senior,Low,1
15,13,Executive,Senior,High,3
16,6,Engineer,Mid,Medium,2
17,12,Analyst,Senior,Medium,1
18,6,Manager,Mid,High,4
19,1,Executive,Junior,Medium,5
20,9,Manager,Senior,High,1
21,12,Analyst,Mid,Low,1
22,5,Executive,Mid,Medium,3
23,13,Executive,Senior,High,4
24,11,Engineer,Senior,High,2
25,2,Engineer,Senior,High,3
26,4,Executive,Mid,Low,1
27,15,Manager,Mid,High,4
28,5,Executive,Junior,Medium,5
29,6,Manager,Junior,Low,2
30,4,Analyst,Junior,High,3
31,3,Executive,Junior,Medium,3
32,4,Engineer,Junior,Medium,5
33,5,Executive,Mid,High,4
34,13,Analyst,Mid,Low,4
35,4,Executive,Mid,Low,5
36,4,Analyst,Mid,High,2
37,3,Engineer,Mid,High,3
38,13,Analyst,Senior,High,3
39,4,Executive,Mid,Medium,2
40,1,Manager,Junior,High,2
41,4,Manager,Junior,Low,5
42,14,Executive,Mid,Medium,2
43,8,Engineer,Junior,High,2
44,14,Engineer,Senior,Medium,5
45,4,Manager,Mid,Medium,3
46,12,Manager,Junior,Medium,1
47,5,Analyst,Junior,Low,2
48,7,Manager,Mid,Low,4
49,15,Executive,Senior,Medium,2
50,6,Engineer,Senior,Low,5
51,6,Manager,Mid,Low,5
52,14,Analyst,Mid,Medium,3
53,12,Manager,Mid,High,5
54,11,Manager,Mid,Medium,2
55,15,Manager,Mid,High,3
56,8,Analyst,Senior,Low,4
57,2,Analyst,Mid,Low,4
58,12,Manager,Junior,High,4
59,2,Analyst,Mid,Medium,2
60,2,Engineer,Junior,Low,5
61,2,Analyst,Junior,Medium,5
62,3,Analyst,Mid,Low,4
63,2,Engineer,Senior,Medium,4
64,11,Analyst,Junior,Low,4
65,13,Analyst,Mid,High,4
66,14,Analyst,Mid,High,5
67,6,Engineer,Senior,Medium,4
68,2,Analyst,Junior,High,4
69,13,Engineer,Mid,High,2
70,10,Engineer,Junior,High,3
71,9,Manager,Senior,High,5
72,7,Manager,Mid,Low,1
73,12,Analyst,Senior,Medium,1
74,10,Analyst,Junior,Medium,5
75,13,Manager,Senior,High,4
76,3,Analyst,Senior,High,5
77,11,Analyst,Mid,Low,3
78,11,Analyst,Mid,Medium,1
79,14,Executive,Senior,High,2
80,5,Engineer,Mid,High,2
81,6,Analyst,Senior,Low,1
82,6,Analyst,Mid,High,2
83,4,Executive,Senior,Medium,1
84,4,Analyst,Senior,Low,3
85,13,Engineer,Mid,High,1
86,7,Analyst,Senior,High,5
87,12,Analyst,Senior,High,2
88,4,Manager,Junior,Medium,5
89,9,Analyst,Senior,Low,4
90,7,Analyst,Senior,Medium,2
91,9,Manager,Mid,Medium,5
92,8,Analyst,Senior,High,1
93,6,Executive,Junior,High,1
94,3,Executive,Senior,High,4
95,6,Executive,Mid,High,5
96,9,Executive,Junior,Low,2
97,12,Analyst,Junior,Medium,2
98,1,Analyst,Mid,Medium,5
99,11,Executive,Senior,High,3
100,10,Executive,Mid,High,5
101,8,Executive,Senior,Medium,4
102,7,Engineer,Senior,Medium,2
103,3,Manager,Junior,High,3
104,5,Analyst,Senior,Medium,5
105,11,Engineer,Mid,High,3
106,7,Analyst,Senior,High,3
107,1,Manager,Mid,High,2
108,4,Engineer,Junior,Low,3
109,10,Analyst,Junior,Low,5
110,9,Engineer,Junior,Medium,3
111,7,Engineer,Mid,Low,4
112,12,Analyst,Junior,High,3
113,4,Manager,Junior,Low,5
114,3,Analyst,Senior,Medium,3
115,14,Executive,Mid,High,5
116,5,Engineer,Junior,Medium,4
117,5,Executive,Senior,Medium,5
118,2,Analyst,Senior,High,3
119,11,Manager,Junior,Low,4
120,5,Engineer,Mid,Medium,1
121,7,Engineer,Junior,Low,2
122,12,Manager,Mid,Medium,3
123,6,Manager,Senior,Low,2
124,14,Engineer,Junior,Medium,3
125,15,Executive,Mid,Low,1
126,1,Executive,Senior,High,5
127,6,Engineer,Senior,Medium,2
128,11,Manager,Mid,High,5
129,15,Engineer,Senior,Medium,3
130,2,Manager,Junior,Low,1
131,2,Manager,Mid,High,3
132,2,Analyst,Mid,Medium,3
133,12,Executive,Senior,Low,5
134,12,Engineer,Senior,Low,1
135,3,Executive,Mid,Medium,1
136,3,Manager,Junior,Medium,1
137,6,Analyst,Mid,High,5
138,13,Executive,Junior,Medium,3
139,5,Analyst,Senior,Medium,4
140,9,Analyst,Mid,Low,4
141,3,Analyst,Senior,High,2
142,9,Manager,Mid,High,2
143,13,Manager,Senior,High,4
144,2,Executive,Junior,High,5
145,4,Engineer,Junior,Medium,1
146,4,Analyst,Mid,High,1
147,15,Engineer,Senior,High,5
148,15,Manager,Junior,High,1
149,12,Engineer,Senior,Low,1
150,11,Engineer,Junior,Low,5
151,14,Analyst,Senior,High,5
152,1,Executive,Junior,Medium,1
153,6,Manager,Senior,Low,2
154,10,Manager,Senior,High,3
155,10,Manager,Junior,Medium,4
156,14,Analyst,Mid,High,4
157,15,Manager,Mid,Medium,3
158,12,Engineer,Junior,Low,5
159,6,Engineer,Senior,Low,3
160,15,Analyst,Junior,High,5
161,7,Executive,Senior,Medium,3
162,15,Engineer,Senior,Medium,4
163,12,Analyst,Mid,Medium,2
164,5,Engineer,Junior,Medium,4
165,9,Engineer,Junior,Low,1
166,1,Analyst,Mid,Low,3
167,12,Analyst,Junior,Low,5
168,5,Manager,Senior,Low,5
169,13,Manager,Mid,Medium,4
170,1,Manager,Mid,Medium,5
171,10,Analyst,Junior,Low,5
172,15,Manager,Senior,Medium,3
173,5,Executive,Junior,High,2
174,10,Executive,Mid,High,2
175,14,Executive,Senior,Low,4
176,14,Engineer,Mid,Low,5
177,7,Manager,Mid,Low,5
178,14,Executive,Junior,Low,1
179,10,Engineer,Senior,Medium,3
180,8,Analyst,Senior,High,4
181,7,Analyst,Senior,Low,3
182,13,Manager,Junior,Medium,3
183,1,Manager,Senior,High,3
184,14,Executive,Mid,Medium,3
185,7,Executive,Junior,Medium,3
186,8,Analyst,Mid,Medium,2
187,4,Analyst,Mid,High,2
188,4,Executive,Junior,Medium,3
189,2,Executive,Junior,High,2
190,2,Analyst,Junior,Low,4
191,11,Manager,Junior,Low,2
192,3,Executive,Senior,Medium,2
193,2,Engineer,Mid,High,1
194,6,Analyst,Senior,Medium,5
195,7,Manager,Mid,Low,1
196,14,Executive,Mid,Medium,2
197,12,Manager,Senior,High,5
198,8,Manager,Senior,Medium,1
199,3,Engineer,Mid,Medium,2
200,12,Analyst,Senior,High,4
201,13,Executive,Mid,Medium,5
202,10,Engineer,Senior,Medium,3
203,10,Executive,Mid,Medium,5
204,1,Manager,Senior,Low,2
205,3,Manager,Mid,Low,1
206,13,Executive,Mid,High,4
207,10,Engineer,Junior,High,2
208,13,Executive,Mid,Low,2
209,13,Engineer,Junior,Low,4
210,9,Manager,Mid,Medium,1
211,10,Analyst,Mid,High,5
212,13,Manager,Senior,High,1
213,10,Manager,Junior,High,3
214,9,Analyst,Senior,High,2
215,15,Analyst,Mid,Medium,1
216,2,Manager,Senior,High,4
217,12,Executive,Senior,Medium,5
218,7,Manager,Senior,Low,4
219,13,Manager,Junior,High,2
220,10,Executive,Senior,Low,3
221,14,Engineer,Senior,Low,4
222,1,Analyst,Senior,Medium,5
223,12,Analyst,Mid,High,2
224,11,Executive,Junior,Low,5
225,1,Engineer,Senior,Low,2
226,15,Executive,Junior,Medium,2
227,7,Analyst,Senior,High,4
228,3,Manager,Senior,Low,5
229,7,Executive,Senior,High,4
230,13,Analyst,Mid,Low,1
231,4,Engineer,Junior,High,3
232,4,Manager,Junior,Medium,4
233,11,Analyst,Junior,Medium,2
234,6,Engineer,Junior,Low,2
235,3,Executive,Junior,High,3
236,3,Manager,Junior,Medium,2
237,13,Manager,Mid,Medium,3
238,15,Manager,Junior,Low,4
239,14,Manager,Junior,High,4
240,3,Executive,Senior,Medium,4
241,9,Manager,Junior,High,3
242,2,Manager,Junior,Low,5
243,14,Engineer,Senior,Medium,5
244,7,Manager,Junior,Medium,3
245,10,Engineer,Senior,Low,4
246,8,Engineer,Mid,High,4
247,1,Analyst,Senior,High,1
248,6,Manager,Junior,Medium,1
249,14,Manager,Senior,Medium,2
250,15,Executive,Mid,Medium,4
251,2,Manager,Senior,Low,3
252,6,Engineer,Junior,Medium,5
253,12,Executive,Mid,Medium,5
254,15,Engineer,Mid,Medium,5
255,8,Engineer,Mid,High,4
256,6,Engineer,Senior,High,5
257,9,Engineer,Junior,High,3
258,2,Engineer,Junior,Medium,5
259,14,Analyst,Junior,High,1
260,8,Manager,Mid,Medium,2
261,5,Analyst,Senior,Low,2
262,3,Analyst,Senior,Low,3
263,8,Executive,Senior,Medium,5
264,5,Engineer,Junior,High,3
265,10,Analyst,Senior,Low,4
266,5,Manager,Senior,High,4
267,7,Engineer,Mid,High,3
268,13,Manager,Junior,Low,1
269,5,Analyst,Mid,Medium,3
270,5,Executive,Mid,Low,1
271,4,Manager,Senior,Medium,5
272,12,Executive,Senior,Medium,1
273,14,Engineer,Junior,High,2
274,3,Engineer,Mid,Low,2
275,7,Manager,Junior,Low,2
276,13,Engineer,Senior,Medium,4
277,9,Executive,Mid,Medium,1
278,5,Executive,Senior,Medium,1
279,13,Analyst,Mid,High,2
280,9,Analyst,Mid,High,3
281,14,Analyst,Mid,High,1
282,8,Manager,Junior,High,3
283,14,Executive,Junior,High,4
284,5,Manager,Senior,Low,1
285,2,Manager,Mid,High,3
286,5,Engineer,Senior,Medium,4
287,9,Analyst,Mid,Low,4
288,6,Engineer,Senior,High,5
289,9,Manager,Junior,High,3
290,8,Executive,Junior,Medium,1
291,4,Analyst,Senior,Low,4
292,4,Manager,Mid,Medium,4
293,10,Engineer,Mid,High,5
294,3,Engineer,Senior,High,3
295,14,Analyst,Senior,Low,4
296,7,Engineer,Senior,Medium,4
297,5,Manager,Senior,Low,2
298,8,Manager,Senior,Low,4
299,7,Engineer,Mid,Low,1
300,1,Executive,Mid,Low,2
301,3,Manager,Junior,Low,3
302,4,Manager,Mid,Medium,1
303,7,Engineer,Senior,High,1
304,2,Manager,Mid,Low,3
305,13,Manager,Junior,Medium,3
306,3,Manager,Mid,High,5
307,4,Engineer,Junior,Low,5
308,11,Executive,Junior,Medium,5
309,13,Executive,Junior,Medium,1
310,6,Engineer,Junior,Low,1
311,12,Manager,Senior,Low,3
312,13,Analyst,Junior,Medium,1
313,12,Executive,Junior,High,3
314,6,Engineer,Mid,Medium,4
315,9,Manager,Senior,Low,3
316,7,Analyst,Senior,Low,4
317,1,Engineer,Senior,Medium,2
318,6,Executive,Mid,Medium,2
319,7,Executive,Senior,Low,2
320,9,Analyst,Senior,Low,2
321,7,Executive,Junior,Medium,4
322,4,Manager,Senior,High,2
323,7,Engineer,Junior,Low,2
324,12,Engineer,Senior,High,5
325,14,Executive,Mid,Low,5
326,4,Executive,Mid,Medium,4
327,14,Analyst,Senior,Medium,3
328,10,Analyst,Mid,Medium,1
329,1,Engineer,Senior,Low,1
330,11,Executive,Mid,Low,3
331,1,Engineer,Mid,Low,2
332,2,Engineer,Senior,Medium,3
333,5,Manager,Senior,Medium,2
334,8,Engineer,Junior,Low,3
335,8,Engineer,Mid,Medium,4
336,2,Executive,Junior,Medium,4
337,4,Analyst,Mid,High,4
338,3,Executive,Junior,Low,4
339,2,Manager,Junior,High,4
340,10,Manager,Mid,Low,3
341,10,Executive,Junior,Medium,4
342,14,Manager,Junior,High,4
343,4,Engineer,Mid,Low,2
344,14,Analyst,Senior,Low,1
345,9,Analyst,Junior,Medium,1
346,15,Analyst,Junior,High,2
347,3,Analyst,Junior,Low,2
348,13,Manager,Senior,High,2
349,4,Engineer,Junior,High,3
350,5,Engineer,Senior,Medium,3
351,4,Manager,Senior,High,3
352,6,Executive,Junior,High,5
353,9,Analyst,Mid,Medium,1
354,11,Engineer,Junior,Low,5
355,1,Analyst,Senior,Medium,3
356,5,Executive,Junior,Low,1
357,7,Manager,Mid,Low,4
358,3,Analyst,Junior,Medium,3
359,9,Analyst,Junior,Medium,5
360,1,Manager,Senior,Low,1
361,12,Analyst,Senior,High,2
362,11,Analyst,Senior,High,3
363,14,Manager,Junior,Medium,4
364,15,Engineer,Senior,Low,5
365,3,Executive,Senior,High,3
366,2,Analyst,Junior,Low,2
367,1,Engineer,Senior,Medium,2
368,12,Executive,Senior,Low,5
369,13,Analyst,Senior,Medium,5
370,3,Executive,Junior,High,3
371,5,Executive,Junior,Medium,4
372,13,Engineer,Mid,High,3
373,11,Engineer,Mid,Medium,3
374,9,Executive,Senior,High,2
375,15,Analyst,Senior,Medium,2
376,10,Engineer,Senior,Low,4
377,5,Analyst,Mid,High,4
378,12,Executive,Junior,High,2
379,1,Manager,Junior,Low,3
380,4,Analyst,Mid,Low,1
381,5,Manager,Junior,High,4
382,5,Engineer,Junior,High,4
383,5,Manager,Senior,Medium,5
384,3,Engineer,Senior,High,3
385,8,Analyst,Mid,Low,3
386,10,Manager,Mid,High,1
387,15,Manager,Senior,Low,5
388,3,Engineer,Senior,Medium,4
389,15,Executive,Junior,Low,1
390,10,Engineer,Mid,Low,2
391,2,Manager,Senior,Low,4
392,10,Manager,Junior,Low,4
393,5,Manager,Senior,High,5
394,5,Executive,Senior,High,1
395,12,Executive,Mid,High,3
396,10,Engineer,Senior,Low,3
397,1,Executive,Senior,Medium,5
398,9,Analyst,Mid,High,3
399,13,Engineer,Junior,Low,5
400,8,Engineer,Senior,High,4
401,7,Executive,Junior,Medium,2
402,6,Analyst,Junior,Medium,4
403,6,Engineer,Junior,Low,5
404,6,Engineer,Senior,High,1
405,14,Engineer,Senior,Medium,4
406,3,Analyst,Senior,Medium,5
407,11,Executive,Senior,High,2
408,6,Executive,Junior,Low,2
409,4,Executive,Mid,Medium,3
410,15,Analyst,Mid,Medium,1
411,1,Engineer,Mid,Low,5
412,10,Analyst,Senior,Low,3
413,13,Analyst,Senior,Low,2
414,4,Analyst,Mid,High,5
415,6,Executive,Junior,High,3
416,13,Analyst,Senior,High,1
417,15,Manager,Junior,Low,5
418,10,Executive,Junior,Medium,3
419,9,Manager,Senior,Low,3
420,3,Executive,Senior,Medium,3
421,7,Manager,Mid,Medium,5
422,1,Engineer,Senior,Low,5
423,13,Manager,Senior,Low,3
424,10,Manager,Senior,Medium,3
425,9,Executive,Senior,High,1
426,7,Analyst,Junior,Low,5
427,8,Engineer,Junior,High,1
428,7,Executive,Mid,High,3
429,14,Manager,Junior,Medium,1
430,12,Engineer,Senior,High,1
431,11,Analyst,Senior,Low,2
432,5,Analyst,Senior,Low,1
433,10,Engineer,Mid,Medium,2
434,9,Engineer,Mid,Medium,1
435,3,Engineer,Mid,Medium,2
436,2,Engineer,Mid,Low,5
437,2,Executive,Mid,Medium,1
438,5,Analyst,Junior,Medium,4
439,9,Manager,Senior,Medium,5
440,5,Manager,Junior,Medium,2
441,2,Manager,Junior,Low,4
442,9,Analyst,Junior,Medium,3
443,9,Manager,Junior,Low,2
444,9,Analyst,Mid,Low,5
445,15,Executive,Mid,High,4
446,14,Executive,Senior,High,4
447,3,Executive,Senior,Low,1
448,15,Manager,Junior,Medium,2
449,8,Executive,Junior,Low,1
450,6,Executive,Junior,High,1
451,6,Manager,Junior,Low,2
452,10,Analyst,Junior,High,1
453,9,Analyst,Senior,Medium,5
454,1,Analyst,Junior,Low,3
455,4,Analyst,Junior,Low,2
456,13,Analyst,Mid,High,3
457,15,Engineer,Mid,Medium,5
458,10,Executive,Junior,Medium,4
459,8,Engineer,Senior,High,5
460,9,Engineer,Junior,Medium,4
461,6,Engineer,Senior,Low,1
462,10,Executive,Mid,Low,1
463,11,Executive,Junior,Low,1
464,9,Manager,Junior,Low,2
465,1,Analyst,Mid,High,5
466,10,Engineer,Senior,High,1
467,2,Executive,Junior,Low,1
468,15,Manager,Mid,Low,1
469,10,Analyst,Mid,Medium,1
470,7,Analyst,Senior,High,5
471,9,Manager,Senior,High,4
472,2,Manager,Mid,Low,1
473,9,Analyst,Senior,Low,1
474,9,Analyst,Mid,Medium,4
475,10,Analyst,Senior,Medium,4
476,5,Engineer,Junior,High,1
477,15,Engineer,Mid,Low,3
478,15,Manager,Mid,Low,5
479,4,Manager,Mid,Low,4
480,9,Executive,Junior,High,4
481,2,Analyst,Junior,High,5
482,13,Engineer,Mid,Low,5
483,4,Engineer,Junior,Low,1
484,9,Engineer,Senior,Low,4
485,5,Executive,Mid,Medium,5
486,10,Executive,Senior,Medium,4
487,5,Analyst,Senior,High,3
488,11,Analyst,Senior,Low,2
489,11,Manager,Junior,Medium,4
490,8,Engineer,Senior,Medium,4
491,10,Executive,Senior,Medium,2
492,4,Manager,Mid,Medium,5
493,5,Executive,Senior,Medium,2
494,2,Engineer,Senior,Medium,1
495,14,Analyst,Mid,High,3
496,8,Executive,Senior,Medium,1
497,6,Engineer,Mid,Medium,1
498,6,Executive,Senior,High,2
499,3,Manager,Junior,Medium,5
500,7,Executive,Junior,Medium,5
